design,objective_id,seed,status,failure_stage,hpwl,overflow,wns,tns,custom_objective_calls,custom_total,custom_grad_norm,component_summary_json,runtime_seconds,output_artifact,coevop_commit,dreamplace_commit,baseline_objective_id,hpwl_delta_pct,overflow_delta_pct,tier2_score,seed_variance_penalty
bp_fe,default,1000,success,,13935680.0,0.8282577,,,0,,,{},10.202512502670288,runs/chipbench_generalization/postgrt_gpt41mini_fallback_after_opentimer_block_v1/bp_fe/openevolve_tier2/final_tier2/bp_fe/default/seed_1000/results/macro_placed/macro_placed.gp.def,64e84dd66993c5fb66b2ddfb938551eba1b011b5,644c547e75819ee05640c3f88114f66f9b0f88da,default,0.0,0.0,-0.0028340312507417467,0.8029884443778217
bp_fe,default,1001,success,,13732550.0,0.8283204,,,0,,,{},10.505616426467896,runs/chipbench_generalization/postgrt_gpt41mini_fallback_after_opentimer_block_v1/bp_fe/openevolve_tier2/final_tier2/bp_fe/default/seed_1001/results/macro_placed/macro_placed.gp.def,64e84dd66993c5fb66b2ddfb938551eba1b011b5,644c547e75819ee05640c3f88114f66f9b0f88da,default,0.0,0.0,-0.002918226785129971,0.8029884443778217
bp_fe,default,1002,success,,13912950.0,0.8285241,,,0,,,{},10.600868701934814,runs/chipbench_generalization/postgrt_gpt41mini_fallback_after_opentimer_block_v1/bp_fe/openevolve_tier2/final_tier2/bp_fe/default/seed_1002/results/macro_placed/macro_placed.gp.def,64e84dd66993c5fb66b2ddfb938551eba1b011b5,644c547e75819ee05640c3f88114f66f9b0f88da,default,0.0,0.0,-0.0029446857505374484,0.8029884443778217
bp_fe,obj_34cad18eb2fc5f98,1000,success,,16445480.0,0.106598,,,200,20689060.0,4596.836,{},10.461257457733154,runs/chipbench_generalization/postgrt_gpt41mini_fallback_after_opentimer_block_v1/bp_fe/openevolve_tier2/final_tier2/bp_fe/obj_34cad18eb2fc5f98/seed_1000/results/macro_placed/macro_placed.gp.def,64e84dd66993c5fb66b2ddfb938551eba1b011b5,644c547e75819ee05640c3f88114f66f9b0f88da,default,18.009885416427473,-87.12985101134586,25.55213418439609,32.29018298919496
bp_fe,obj_34cad18eb2fc5f98,1001,success,,9619562.0,0.2871504,,,180,9124843.0,202.7443,{},9.757710933685303,runs/chipbench_generalization/postgrt_gpt41mini_fallback_after_opentimer_block_v1/bp_fe/openevolve_tier2/final_tier2/bp_fe/obj_34cad18eb2fc5f98/seed_1001/results/macro_placed/macro_placed.gp.def,64e84dd66993c5fb66b2ddfb938551eba1b011b5,644c547e75819ee05640c3f88114f66f9b0f88da,default,-29.95065009776043,-65.33341446136059,62.61464685318137,32.29018298919496
bp_fe,obj_34cad18eb2fc5f98,1002,success,,9877495.0,0.2819126,,,210,9517340.0,299.2976,{},10.005436182022095,runs/chipbench_generalization/postgrt_gpt41mini_fallback_after_opentimer_block_v1/bp_fe/openevolve_tier2/final_tier2/bp_fe/obj_34cad18eb2fc5f98/seed_1002/results/macro_placed/macro_placed.gp.def,64e84dd66993c5fb66b2ddfb938551eba1b011b5,644c547e75819ee05640c3f88114f66f9b0f88da,default,-29.00502769002979,-65.97412193562023,61.98930937001157,32.29018298919496
bp_be,default,1000,success,,37121510.0,0.8028128,,,0,,,{},13.007948160171509,runs/chipbench_generalization/postgrt_gpt41mini_fallback_after_opentimer_block_v1/bp_be/openevolve_tier2/final_tier2/bp_be/default/seed_1000/results/macro_placed/macro_placed.gp.def,64e84dd66993c5fb66b2ddfb938551eba1b011b5,644c547e75819ee05640c3f88114f66f9b0f88da,default,0.0,0.0,-0.003613318933380975,0.529964543317122
bp_be,default,1001,success,,37113450.0,0.8028134,,,0,,,{},12.65999174118042,runs/chipbench_generalization/postgrt_gpt41mini_fallback_after_opentimer_block_v1/bp_be/openevolve_tier2/final_tier2/bp_be/default/seed_1001/results/macro_placed/macro_placed.gp.def,64e84dd66993c5fb66b2ddfb938551eba1b011b5,644c547e75819ee05640c3f88114f66f9b0f88da,default,0.0,0.0,-0.0035166643725501167,0.529964543317122
bp_be,default,1002,success,,36777880.0,0.8027837,,,0,,,{},12.467740774154663,runs/chipbench_generalization/postgrt_gpt41mini_fallback_after_opentimer_block_v1/bp_be/openevolve_tier2/final_tier2/bp_be/default/seed_1002/results/macro_placed/macro_placed.gp.def,64e84dd66993c5fb66b2ddfb938551eba1b011b5,644c547e75819ee05640c3f88114f66f9b0f88da,default,0.0,0.0,-0.003463261326154073,0.529964543317122
bp_be,obj_1c623761f3ce9552,1000,success,,14448810.0,0.3024856,,,150,2712988000.0,38491.04,{},10.055967092514038,runs/chipbench_generalization/postgrt_gpt41mini_fallback_after_opentimer_block_v1/bp_be/openevolve_tier2/final_tier2/bp_be/obj_1c623761f3ce9552/seed_1000/results/macro_placed/macro_placed.gp.def,64e84dd66993c5fb66b2ddfb938551eba1b011b5,644c547e75819ee05640c3f88114f66f9b0f88da,default,-61.076987439357936,-62.32177663335711,92.23508243184412,26.283392210428023
bp_be,obj_1c623761f3ce9552,1001,success,,14515120.0,0.3030599,,,150,2736355000.0,47598.42,{},10.309398174285889,runs/chipbench_generalization/postgrt_gpt41mini_fallback_after_opentimer_block_v1/bp_be/openevolve_tier2/final_tier2/bp_be/obj_1c623761f3ce9552/seed_1001/results/macro_placed/macro_placed.gp.def,64e84dd66993c5fb66b2ddfb938551eba1b011b5,644c547e75819ee05640c3f88114f66f9b0f88da,default,-60.88986607281188,-62.25026886696211,92.01213678457786,26.283392210428023
bp_be,obj_1c623761f3ce9552,1002,success,,22253920.0,0.2741249,,,60,3726839000.0,100785.6,{},10.259674787521362,runs/chipbench_generalization/postgrt_gpt41mini_fallback_after_opentimer_block_v1/bp_be/openevolve_tier2/final_tier2/bp_be/obj_1c623761f3ce9552/seed_1002/results/macro_placed/macro_placed.gp.def,64e84dd66993c5fb66b2ddfb938551eba1b011b5,644c547e75819ee05640c3f88114f66f9b0f88da,default,-39.49102014580503,-65.85320553967401,72.41477300597883,26.283392210428023
ethernet,default,1000,success,,8814055.0,0.8012856,,,0,,,{},10.954387664794922,runs/chipbench_generalization/ethernet_paperscale_gpt41mini_schema_v2_20260702/ethernet/openevolve_tier2/final_tier2/ethernet/default/seed_1000/results/macro_placed/macro_placed.gp.def,64e84dd66993c5fb66b2ddfb938551eba1b011b5,644c547e75819ee05640c3f88114f66f9b0f88da,default,0.0,0.0,-0.003042885462443034,5.846375981965078
ethernet,default,1001,success,,8074888.0,0.7961549,,,0,,,{},10.552085161209106,runs/chipbench_generalization/ethernet_paperscale_gpt41mini_schema_v2_20260702/ethernet/openevolve_tier2/final_tier2/ethernet/default/seed_1001/results/macro_placed/macro_placed.gp.def,64e84dd66993c5fb66b2ddfb938551eba1b011b5,644c547e75819ee05640c3f88114f66f9b0f88da,default,0.0,0.0,-0.0029311347670025294,5.846375981965078
ethernet,default,1002,success,,7905361.0,0.7946647,,,0,,,{},10.55990982055664,runs/chipbench_generalization/ethernet_paperscale_gpt41mini_schema_v2_20260702/ethernet/openevolve_tier2/final_tier2/ethernet/default/seed_1002/results/macro_placed/macro_placed.gp.def,64e84dd66993c5fb66b2ddfb938551eba1b011b5,644c547e75819ee05640c3f88114f66f9b0f88da,default,0.0,0.0,-0.0029333082834879557,5.846375981965078
ethernet,obj_705dbe679dcdb0f7,1000,success,,4257405.0,0.6308467,,,160,24036060000.0,497961.7,{},10.107918739318848,runs/chipbench_generalization/ethernet_paperscale_gpt41mini_schema_v2_20260702/ethernet/openevolve_tier2/final_tier2/ethernet/obj_705dbe679dcdb0f7/seed_1000/results/macro_placed/macro_placed.gp.def,64e84dd66993c5fb66b2ddfb938551eba1b011b5,644c547e75819ee05640c3f88114f66f9b0f88da,default,-51.697544433294325,-21.270680516410135,62.33007693629403,3.315284707584413
ethernet,obj_705dbe679dcdb0f7,1001,success,,4523844.0,0.6346344,,,160,26127410000.0,664725.6,{},10.60987901687622,runs/chipbench_generalization/ethernet_paperscale_gpt41mini_schema_v2_20260702/ethernet/openevolve_tier2/final_tier2/ethernet/obj_705dbe679dcdb0f7/seed_1001/results/macro_placed/macro_placed.gp.def,64e84dd66993c5fb66b2ddfb938551eba1b011b5,644c547e75819ee05640c3f88114f66f9b0f88da,default,-43.97638704091004,-20.28757217973537,54.11722594216193,3.315284707584413
ethernet,obj_705dbe679dcdb0f7,1002,success,,4293720.0,0.6306465,,,160,25011690000.0,837403.6,{},10.404191732406616,runs/chipbench_generalization/ethernet_paperscale_gpt41mini_schema_v2_20260702/ethernet/openevolve_tier2/final_tier2/ethernet/obj_705dbe679dcdb0f7/seed_1002/results/macro_placed/macro_placed.gp.def,64e84dd66993c5fb66b2ddfb938551eba1b011b5,644c547e75819ee05640c3f88114f66f9b0f88da,default,-45.68597183607428,-20.639925241425725,56.00304440352814,3.315284707584413
swerv_wrapper,default,1000,success,,71070440.0,0.8703368,,,0,,,{},24.940385103225708,runs/generalization_chipbench/serious_final_no_timeout_swerv_wrapper/swerv_wrapper/tier2_final/swerv_wrapper/default/seed_1000/results/macro_placed/macro_placed.gp.def,64e84dd66993c5fb66b2ddfb938551eba1b011b5,644c547e75819ee05640c3f88114f66f9b0f88da,default,0.0,0.0,-0.00692788475089603,0.22148986495343445
swerv_wrapper,default,1001,success,,71384850.0,0.8702999,,,0,,,{},21.99010157585144,runs/generalization_chipbench/serious_final_no_timeout_swerv_wrapper/swerv_wrapper/tier2_final/swerv_wrapper/default/seed_1001/results/macro_placed/macro_placed.gp.def,64e84dd66993c5fb66b2ddfb938551eba1b011b5,644c547e75819ee05640c3f88114f66f9b0f88da,default,0.0,0.0,-0.006108361548847622,0.22148986495343445
swerv_wrapper,default,1002,success,,71205050.0,0.870437,,,0,,,{},21.79797863960266,runs/generalization_chipbench/serious_final_no_timeout_swerv_wrapper/swerv_wrapper/tier2_final/swerv_wrapper/default/seed_1002/results/macro_placed/macro_placed.gp.def,64e84dd66993c5fb66b2ddfb938551eba1b011b5,644c547e75819ee05640c3f88114f66f9b0f88da,default,0.0,0.0,-0.0060549940665562945,0.22148986495343445
swerv_wrapper,obj_4fd265b50589cb27,1000,success,,59530720.0,0.2621153,,,50,9450737000.0,237993.8,{},17.8337984085083,runs/generalization_chipbench/serious_final_no_timeout_swerv_wrapper/swerv_wrapper/tier2_final/swerv_wrapper/obj_4fd265b50589cb27/seed_1000/results/macro_placed/macro_placed.gp.def,64e84dd66993c5fb66b2ddfb938551eba1b011b5,644c547e75819ee05640c3f88114f66f9b0f88da,default,-16.23701780937335,-69.8834635051626,51.17379572906339,22.062114527420793
swerv_wrapper,obj_4fd265b50589cb27,1001,success,,61516920.0,0.2571076,,,50,9728769000.0,238761.0,{},27.142571449279785,runs/generalization_chipbench/serious_final_no_timeout_swerv_wrapper/swerv_wrapper/tier2_final/swerv_wrapper/obj_4fd265b50589cb27/seed_1001/results/macro_placed/macro_placed.gp.def,64e84dd66993c5fb66b2ddfb938551eba1b011b5,644c547e75819ee05640c3f88114f66f9b0f88da,default,-13.823563403159074,-70.45758594250097,49.0448167712292,22.062114527420793
swerv_wrapper,obj_4fd265b50589cb27,1002,success,,40073160.0,0.2618486,,,50,9552556000.0,240461.5,{},16.674570083618164,runs/generalization_chipbench/serious_final_no_timeout_swerv_wrapper/swerv_wrapper/tier2_final/swerv_wrapper/obj_4fd265b50589cb27/seed_1002/results/macro_placed/macro_placed.gp.def,64e84dd66993c5fb66b2ddfb938551eba1b011b5,644c547e75819ee05640c3f88114f66f9b0f88da,default,-43.72146357596828,-69.91757014005609,78.6756168209731,22.062114527420793
