design,objective_id,seed,status,failure_stage,metrics_stage,partial_metrics_available,routed_wirelength,estimated_wirelength,grt_overflow,drc_count,wns,tns,power,area,runtime_seconds,def_path,metrics_path,baseline_objective_id,estimated_wirelength_delta_pct,routed_wirelength_delta_pct,grt_overflow_delta_pct,drc_count_delta_pct
ethernet,default,1000,success,,partial_grt,False,,4430367.0,574288.0,0.0,-1.01277,-104.275,0.12923,99280.2,341.8663923740387,/home/ruogcheng2/CoEvoPR-Platform/runs/chipbench_generalization/ethernet_paperscale_gpt41mini_schema_v2_20260702/ethernet/openevolve_tier2/final_tier2/ethernet/default/seed_1000/results/macro_placed/macro_placed.gp.def,runs/chipbench_generalization/ethernet_paperscale_gpt41mini_schema_v2_20260702/ethernet/openevolve_tier2/tier3_openroad/ethernet/default/seed_1000/grt_only_metrics.json,default,0.0,,0.0,
ethernet,default,1001,success,,partial_grt,False,,3963876.0,431423.0,0.0,-0.605702,-61.0223,0.128276,97906.1,270.87704968452454,/home/ruogcheng2/CoEvoPR-Platform/runs/chipbench_generalization/ethernet_paperscale_gpt41mini_schema_v2_20260702/ethernet/openevolve_tier2/final_tier2/ethernet/default/seed_1001/results/macro_placed/macro_placed.gp.def,runs/chipbench_generalization/ethernet_paperscale_gpt41mini_schema_v2_20260702/ethernet/openevolve_tier2/tier3_openroad/ethernet/default/seed_1001/grt_only_metrics.json,default,0.0,,0.0,
ethernet,default,1002,success,,partial_grt,False,,4082759.0,440616.0,0.0,-0.615061,-70.2351,0.128579,98426.9,297.2572932243347,/home/ruogcheng2/CoEvoPR-Platform/runs/chipbench_generalization/ethernet_paperscale_gpt41mini_schema_v2_20260702/ethernet/openevolve_tier2/final_tier2/ethernet/default/seed_1002/results/macro_placed/macro_placed.gp.def,runs/chipbench_generalization/ethernet_paperscale_gpt41mini_schema_v2_20260702/ethernet/openevolve_tier2/tier3_openroad/ethernet/default/seed_1002/grt_only_metrics.json,default,0.0,,0.0,
ethernet,obj_245b302c48dce7cf,1000,success,,partial_grt,False,,2653175.0,77691.0,0.0,-0.460025,-48.4035,0.127887,94808.8,168.21150493621826,/home/ruogcheng2/CoEvoPR-Platform/runs/chipbench_generalization/ethernet_paperscale_gpt41mini_schema_v2_20260702/ethernet/openevolve_tier2/final_tier2/ethernet/obj_245b302c48dce7cf/seed_1000/results/macro_placed/macro_placed.gp.def,runs/chipbench_generalization/ethernet_paperscale_gpt41mini_schema_v2_20260702/ethernet/openevolve_tier2/tier3_openroad/ethernet/obj_245b302c48dce7cf/seed_1000/grt_only_metrics.json,default,-40.11387769907098,,-86.4717702616109,
ethernet,obj_245b302c48dce7cf,1001,success,,partial_grt,False,,2855901.0,107933.0,0.0,-0.640507,-88.3304,0.127819,95312.9,174.92659664154053,/home/ruogcheng2/CoEvoPR-Platform/runs/chipbench_generalization/ethernet_paperscale_gpt41mini_schema_v2_20260702/ethernet/openevolve_tier2/final_tier2/ethernet/obj_245b302c48dce7cf/seed_1001/results/macro_placed/macro_placed.gp.def,runs/chipbench_generalization/ethernet_paperscale_gpt41mini_schema_v2_20260702/ethernet/openevolve_tier2/tier3_openroad/ethernet/obj_245b302c48dce7cf/seed_1001/grt_only_metrics.json,default,-27.951807776025284,,-74.98209413962631,
ethernet,obj_245b302c48dce7cf,1002,success,,partial_grt,False,,2498668.0,67474.0,0.0,-0.611268,-63.1961,0.125336,95029.6,167.50878310203552,/home/ruogcheng2/CoEvoPR-Platform/runs/chipbench_generalization/ethernet_paperscale_gpt41mini_schema_v2_20260702/ethernet/openevolve_tier2/final_tier2/ethernet/obj_245b302c48dce7cf/seed_1002/results/macro_placed/macro_placed.gp.def,runs/chipbench_generalization/ethernet_paperscale_gpt41mini_schema_v2_20260702/ethernet/openevolve_tier2/tier3_openroad/ethernet/obj_245b302c48dce7cf/seed_1002/grt_only_metrics.json,default,-38.799522577747055,,-84.68643898542041,
ethernet,obj_2b1803bc806ca0d3,1000,success,,partial_grt,False,,2622190.0,72901.0,0.0,-0.476201,-53.0247,0.126934,94635.9,156.77264285087585,/home/ruogcheng2/CoEvoPR-Platform/runs/chipbench_generalization/ethernet_paperscale_gpt41mini_schema_v2_20260702/ethernet/openevolve_tier2/final_tier2/ethernet/obj_2b1803bc806ca0d3/seed_1000/results/macro_placed/macro_placed.gp.def,runs/chipbench_generalization/ethernet_paperscale_gpt41mini_schema_v2_20260702/ethernet/openevolve_tier2/tier3_openroad/ethernet/obj_2b1803bc806ca0d3/seed_1000/grt_only_metrics.json,default,-40.813255425566325,,-87.30584654389435,
ethernet,obj_2b1803bc806ca0d3,1001,success,,partial_grt,False,,2848083.0,108958.0,0.0,-0.719999,-219.946,0.127404,95304.6,181.1948845386505,/home/ruogcheng2/CoEvoPR-Platform/runs/chipbench_generalization/ethernet_paperscale_gpt41mini_schema_v2_20260702/ethernet/openevolve_tier2/final_tier2/ethernet/obj_2b1803bc806ca0d3/seed_1001/results/macro_placed/macro_placed.gp.def,runs/chipbench_generalization/ethernet_paperscale_gpt41mini_schema_v2_20260702/ethernet/openevolve_tier2/tier3_openroad/ethernet/obj_2b1803bc806ca0d3/seed_1001/grt_only_metrics.json,default,-28.14903897094662,,-74.74450829000772,
ethernet,obj_2b1803bc806ca0d3,1002,success,,partial_grt,False,,2490717.0,62456.0,0.0,-0.572254,-69.1145,0.125638,94772.9,157.5797984600067,/home/ruogcheng2/CoEvoPR-Platform/runs/chipbench_generalization/ethernet_paperscale_gpt41mini_schema_v2_20260702/ethernet/openevolve_tier2/final_tier2/ethernet/obj_2b1803bc806ca0d3/seed_1002/results/macro_placed/macro_placed.gp.def,runs/chipbench_generalization/ethernet_paperscale_gpt41mini_schema_v2_20260702/ethernet/openevolve_tier2/tier3_openroad/ethernet/obj_2b1803bc806ca0d3/seed_1002/grt_only_metrics.json,default,-38.99426833668115,,-85.8252991266772,
ethernet,obj_705dbe679dcdb0f7,1000,success,,partial_grt,False,,2648704.0,73643.0,0.0,-0.579004,-43.9443,0.127225,94715.9,168.1595811843872,/home/ruogcheng2/CoEvoPR-Platform/runs/chipbench_generalization/ethernet_paperscale_gpt41mini_schema_v2_20260702/ethernet/openevolve_tier2/final_tier2/ethernet/obj_705dbe679dcdb0f7/seed_1000/results/macro_placed/macro_placed.gp.def,runs/chipbench_generalization/ethernet_paperscale_gpt41mini_schema_v2_20260702/ethernet/openevolve_tier2/tier3_openroad/ethernet/obj_705dbe679dcdb0f7/seed_1000/grt_only_metrics.json,default,-40.21479484656689,,-87.1766430780375,
ethernet,obj_705dbe679dcdb0f7,1001,success,,partial_grt,False,,2817452.0,104925.0,0.0,-0.491336,-80.2225,0.127044,95187.8,179.6039915084839,/home/ruogcheng2/CoEvoPR-Platform/runs/chipbench_generalization/ethernet_paperscale_gpt41mini_schema_v2_20260702/ethernet/openevolve_tier2/final_tier2/ethernet/obj_705dbe679dcdb0f7/seed_1001/results/macro_placed/macro_placed.gp.def,runs/chipbench_generalization/ethernet_paperscale_gpt41mini_schema_v2_20260702/ethernet/openevolve_tier2/tier3_openroad/ethernet/obj_705dbe679dcdb0f7/seed_1001/grt_only_metrics.json,default,-28.921792709963682,,-75.67932168660457,
ethernet,obj_705dbe679dcdb0f7,1002,success,,partial_grt,False,,2485822.0,60606.0,0.0,-0.593007,-63.9579,0.125694,94738.0,153.62332129478455,/home/ruogcheng2/CoEvoPR-Platform/runs/chipbench_generalization/ethernet_paperscale_gpt41mini_schema_v2_20260702/ethernet/openevolve_tier2/final_tier2/ethernet/obj_705dbe679dcdb0f7/seed_1002/results/macro_placed/macro_placed.gp.def,runs/chipbench_generalization/ethernet_paperscale_gpt41mini_schema_v2_20260702/ethernet/openevolve_tier2/tier3_openroad/ethernet/obj_705dbe679dcdb0f7/seed_1002/grt_only_metrics.json,default,-39.11416275121799,,-86.2451658587069,
